"","date","average_price","weekday"
"1",2024-06-18,684.705167173252,"Tuesday"
"2",2024-06-19,658.003196930946,"Wednesday"
"3",2024-06-20,658.003196930946,"Thursday"
"4",2024-06-21,658.003196930946,"Friday"
"5",2024-06-22,658.003196930946,"Saturday"
"6",2024-06-23,658.003196930946,"Sunday"
"7",2024-06-24,658.003196930946,"Monday"
"8",2024-06-25,658.003196930946,"Tuesday"
"9",2024-06-26,658.003196930946,"Wednesday"
"10",2024-06-27,658.003196930946,"Thursday"
"11",2024-06-28,658.003196930946,"Friday"
"12",2024-06-29,658.003196930946,"Saturday"
"13",2024-06-30,658.003196930946,"Sunday"
"14",2024-07-01,658.003196930946,"Monday"
"15",2024-07-02,658.003196930946,"Tuesday"
"16",2024-07-03,658.003196930946,"Wednesday"
"17",2024-07-04,658.003196930946,"Thursday"
"18",2024-07-05,658.003196930946,"Friday"
"19",2024-07-06,658.003196930946,"Saturday"
"20",2024-07-07,658.003196930946,"Sunday"
"21",2024-07-08,658.003196930946,"Monday"
"22",2024-07-09,658.003196930946,"Tuesday"
"23",2024-07-10,658.003196930946,"Wednesday"
"24",2024-07-11,658.003196930946,"Thursday"
"25",2024-07-12,658.003196930946,"Friday"
"26",2024-07-13,658.003196930946,"Saturday"
"27",2024-07-14,658.003196930946,"Sunday"
"28",2024-07-15,658.003196930946,"Monday"
"29",2024-07-16,658.003196930946,"Tuesday"
"30",2024-07-17,658.003196930946,"Wednesday"
"31",2024-07-18,658.003196930946,"Thursday"
"32",2024-07-19,658.003196930946,"Friday"
"33",2024-07-20,658.003196930946,"Saturday"
"34",2024-07-21,658.003196930946,"Sunday"
"35",2024-07-22,658.003196930946,"Monday"
"36",2024-07-23,658.003196930946,"Tuesday"
"37",2024-07-24,658.003196930946,"Wednesday"
"38",2024-07-25,658.003196930946,"Thursday"
"39",2024-07-26,658.003196930946,"Friday"
"40",2024-07-27,658.003196930946,"Saturday"
"41",2024-07-28,658.003196930946,"Sunday"
"42",2024-07-29,658.003196930946,"Monday"
"43",2024-07-30,658.003196930946,"Tuesday"
"44",2024-07-31,658.003196930946,"Wednesday"
"45",2024-08-01,658.003196930946,"Thursday"
"46",2024-08-02,658.003196930946,"Friday"
"47",2024-08-03,658.003196930946,"Saturday"
"48",2024-08-04,658.003196930946,"Sunday"
"49",2024-08-05,658.003196930946,"Monday"
"50",2024-08-06,658.003196930946,"Tuesday"
"51",2024-08-07,658.003196930946,"Wednesday"
"52",2024-08-08,658.003196930946,"Thursday"
"53",2024-08-09,658.003196930946,"Friday"
"54",2024-08-10,658.003196930946,"Saturday"
"55",2024-08-11,658.003196930946,"Sunday"
"56",2024-08-12,658.003196930946,"Monday"
"57",2024-08-13,658.003196930946,"Tuesday"
"58",2024-08-14,658.003196930946,"Wednesday"
"59",2024-08-15,658.003196930946,"Thursday"
"60",2024-08-16,658.003196930946,"Friday"
"61",2024-08-17,658.003196930946,"Saturday"
"62",2024-08-18,658.003196930946,"Sunday"
"63",2024-08-19,658.003196930946,"Monday"
"64",2024-08-20,658.003196930946,"Tuesday"
"65",2024-08-21,658.003196930946,"Wednesday"
"66",2024-08-22,658.003196930946,"Thursday"
"67",2024-08-23,658.003196930946,"Friday"
"68",2024-08-24,658.003196930946,"Saturday"
"69",2024-08-25,658.003196930946,"Sunday"
"70",2024-08-26,658.003196930946,"Monday"
"71",2024-08-27,658.003196930946,"Tuesday"
"72",2024-08-28,658.003196930946,"Wednesday"
"73",2024-08-29,658.003196930946,"Thursday"
"74",2024-08-30,658.003196930946,"Friday"
"75",2024-08-31,658.003196930946,"Saturday"
"76",2024-09-01,658.003196930946,"Sunday"
"77",2024-09-02,658.003196930946,"Monday"
"78",2024-09-03,658.003196930946,"Tuesday"
"79",2024-09-04,658.003196930946,"Wednesday"
"80",2024-09-05,658.003196930946,"Thursday"
"81",2024-09-06,658.003196930946,"Friday"
"82",2024-09-07,658.003196930946,"Saturday"
"83",2024-09-08,658.003196930946,"Sunday"
"84",2024-09-09,658.003196930946,"Monday"
"85",2024-09-10,658.003196930946,"Tuesday"
"86",2024-09-11,658.003196930946,"Wednesday"
"87",2024-09-12,658.003196930946,"Thursday"
"88",2024-09-13,658.003196930946,"Friday"
"89",2024-09-14,658.003196930946,"Saturday"
"90",2024-09-15,658.003196930946,"Sunday"
"91",2024-09-16,658.003196930946,"Monday"
"92",2024-09-17,658.003196930946,"Tuesday"
"93",2024-09-18,658.003196930946,"Wednesday"
"94",2024-09-19,658.003196930946,"Thursday"
"95",2024-09-20,658.260017050298,"Friday"
"96",2024-09-21,658.260017050298,"Saturday"
"97",2024-09-22,658.260017050298,"Sunday"
"98",2024-09-23,658.260017050298,"Monday"
"99",2024-09-24,658.260017050298,"Tuesday"
"100",2024-09-25,658.260017050298,"Wednesday"
"101",2024-09-26,658.260017050298,"Thursday"
"102",2024-09-27,658.260017050298,"Friday"
"103",2024-09-28,658.260017050298,"Saturday"
"104",2024-09-29,658.260017050298,"Sunday"
"105",2024-09-30,658.260017050298,"Monday"
"106",2024-10-01,658.003196930946,"Tuesday"
"107",2024-10-02,658.003196930946,"Wednesday"
"108",2024-10-03,658.003196930946,"Thursday"
"109",2024-10-04,658.003196930946,"Friday"
"110",2024-10-05,658.003196930946,"Saturday"
"111",2024-10-06,658.003196930946,"Sunday"
"112",2024-10-07,658.003196930946,"Monday"
"113",2024-10-08,658.003196930946,"Tuesday"
"114",2024-10-09,658.003196930946,"Wednesday"
"115",2024-10-10,658.003196930946,"Thursday"
"116",2024-10-11,658.003196930946,"Friday"
"117",2024-10-12,658.003196930946,"Saturday"
"118",2024-10-13,658.003196930946,"Sunday"
"119",2024-10-14,658.003196930946,"Monday"
"120",2024-10-15,658.003196930946,"Tuesday"
"121",2024-10-16,658.003196930946,"Wednesday"
"122",2024-10-17,658.003196930946,"Thursday"
"123",2024-10-18,658.003196930946,"Friday"
"124",2024-10-19,658.003196930946,"Saturday"
"125",2024-10-20,658.003196930946,"Sunday"
"126",2024-10-21,658.003196930946,"Monday"
"127",2024-10-22,658.003196930946,"Tuesday"
"128",2024-10-23,658.003196930946,"Wednesday"
"129",2024-10-24,658.003196930946,"Thursday"
"130",2024-10-25,658.003196930946,"Friday"
"131",2024-10-26,658.003196930946,"Saturday"
"132",2024-10-27,658.003196930946,"Sunday"
"133",2024-10-28,658.003196930946,"Monday"
"134",2024-10-29,658.003196930946,"Tuesday"
"135",2024-10-30,658.003196930946,"Wednesday"
"136",2024-10-31,658.003196930946,"Thursday"
"137",2024-11-01,658.003196930946,"Friday"
"138",2024-11-02,658.003196930946,"Saturday"
"139",2024-11-03,658.003196930946,"Sunday"
"140",2024-11-04,658.003196930946,"Monday"
"141",2024-11-05,658.003196930946,"Tuesday"
"142",2024-11-06,658.003196930946,"Wednesday"
"143",2024-11-07,658.003196930946,"Thursday"
"144",2024-11-08,658.003196930946,"Friday"
"145",2024-11-09,658.003196930946,"Saturday"
"146",2024-11-10,658.003196930946,"Sunday"
"147",2024-11-11,658.003196930946,"Monday"
"148",2024-11-12,658.003196930946,"Tuesday"
"149",2024-11-13,658.003196930946,"Wednesday"
"150",2024-11-14,658.003196930946,"Thursday"
"151",2024-11-15,658.003196930946,"Friday"
"152",2024-11-16,658.003196930946,"Saturday"
"153",2024-11-17,658.003196930946,"Sunday"
"154",2024-11-18,658.003196930946,"Monday"
"155",2024-11-19,658.003196930946,"Tuesday"
"156",2024-11-20,658.003196930946,"Wednesday"
"157",2024-11-21,658.003196930946,"Thursday"
"158",2024-11-22,658.003196930946,"Friday"
"159",2024-11-23,658.003196930946,"Saturday"
"160",2024-11-24,658.003196930946,"Sunday"
"161",2024-11-25,658.003196930946,"Monday"
"162",2024-11-26,658.003196930946,"Tuesday"
"163",2024-11-27,658.003196930946,"Wednesday"
"164",2024-11-28,658.003196930946,"Thursday"
"165",2024-11-29,658.003196930946,"Friday"
"166",2024-11-30,658.067348678602,"Saturday"
"167",2024-12-01,658.324168797954,"Sunday"
"168",2024-12-02,658.324168797954,"Monday"
"169",2024-12-03,658.324168797954,"Tuesday"
"170",2024-12-04,658.324168797954,"Wednesday"
"171",2024-12-05,658.324168797954,"Thursday"
"172",2024-12-06,658.324168797954,"Friday"
"173",2024-12-07,658.324168797954,"Saturday"
"174",2024-12-08,658.324168797954,"Sunday"
"175",2024-12-09,658.324168797954,"Monday"
"176",2024-12-10,658.324168797954,"Tuesday"
"177",2024-12-11,658.324168797954,"Wednesday"
"178",2024-12-12,658.324168797954,"Thursday"
"179",2024-12-13,658.324168797954,"Friday"
"180",2024-12-14,658.51683716965,"Saturday"
"181",2024-12-15,658.51683716965,"Sunday"
"182",2024-12-16,658.51683716965,"Monday"
"183",2024-12-17,658.51683716965,"Tuesday"
"184",2024-12-18,658.51683716965,"Wednesday"
"185",2024-12-19,658.51683716965,"Thursday"
"186",2024-12-20,658.51683716965,"Friday"
"187",2024-12-21,658.51683716965,"Saturday"
"188",2024-12-22,658.51683716965,"Sunday"
"189",2024-12-23,658.51683716965,"Monday"
"190",2024-12-24,658.51683716965,"Tuesday"
"191",2024-12-25,658.51683716965,"Wednesday"
"192",2024-12-26,658.51683716965,"Thursday"
"193",2024-12-27,658.51683716965,"Friday"
"194",2024-12-28,658.51683716965,"Saturday"
"195",2024-12-29,658.51683716965,"Sunday"
"196",2024-12-30,658.51683716965,"Monday"
"197",2024-12-31,658.51683716965,"Tuesday"
"198",2025-01-01,658.51683716965,"Wednesday"
"199",2025-01-02,658.51683716965,"Thursday"
"200",2025-01-03,658.51683716965,"Friday"
"201",2025-01-04,658.51683716965,"Saturday"
"202",2025-01-05,658.51683716965,"Sunday"
"203",2025-01-06,658.51683716965,"Monday"
"204",2025-01-07,658.51683716965,"Tuesday"
"205",2025-01-08,658.51683716965,"Wednesday"
"206",2025-01-09,658.51683716965,"Thursday"
"207",2025-01-10,658.51683716965,"Friday"
"208",2025-01-11,658.51683716965,"Saturday"
"209",2025-01-12,658.51683716965,"Sunday"
"210",2025-01-13,658.51683716965,"Monday"
"211",2025-01-14,658.51683716965,"Tuesday"
"212",2025-01-15,658.51683716965,"Wednesday"
"213",2025-01-16,658.51683716965,"Thursday"
"214",2025-01-17,658.51683716965,"Friday"
"215",2025-01-18,658.51683716965,"Saturday"
"216",2025-01-19,658.51683716965,"Sunday"
"217",2025-01-20,658.51683716965,"Monday"
"218",2025-01-21,658.51683716965,"Tuesday"
"219",2025-01-22,658.51683716965,"Wednesday"
"220",2025-01-23,658.51683716965,"Thursday"
"221",2025-01-24,658.51683716965,"Friday"
"222",2025-01-25,658.51683716965,"Saturday"
"223",2025-01-26,658.51683716965,"Sunday"
"224",2025-01-27,658.324168797954,"Monday"
"225",2025-01-28,658.324168797954,"Tuesday"
"226",2025-01-29,658.324168797954,"Wednesday"
"227",2025-01-30,658.324168797954,"Thursday"
"228",2025-01-31,657.489556692242,"Friday"
"229",2025-02-01,658.131500426258,"Saturday"
"230",2025-02-02,658.131500426258,"Sunday"
"231",2025-02-03,658.131500426258,"Monday"
"232",2025-02-04,658.131500426258,"Tuesday"
"233",2025-02-05,658.131500426258,"Wednesday"
"234",2025-02-06,658.131500426258,"Thursday"
"235",2025-02-07,658.131500426258,"Friday"
"236",2025-02-08,658.131500426258,"Saturday"
"237",2025-02-09,658.131500426258,"Sunday"
"238",2025-02-10,658.131500426258,"Monday"
"239",2025-02-11,658.131500426258,"Tuesday"
"240",2025-02-12,658.131500426258,"Wednesday"
"241",2025-02-13,658.131500426258,"Thursday"
"242",2025-02-14,658.131500426258,"Friday"
"243",2025-02-15,658.131500426258,"Saturday"
"244",2025-02-16,658.131500426258,"Sunday"
"245",2025-02-17,658.131500426258,"Monday"
"246",2025-02-18,658.131500426258,"Tuesday"
"247",2025-02-19,658.131500426258,"Wednesday"
"248",2025-02-20,658.131500426258,"Thursday"
"249",2025-02-21,658.131500426258,"Friday"
"250",2025-02-22,658.131500426258,"Saturday"
"251",2025-02-23,658.131500426258,"Sunday"
"252",2025-02-24,658.003196930946,"Monday"
"253",2025-02-25,658.003196930946,"Tuesday"
"254",2025-02-26,658.003196930946,"Wednesday"
"255",2025-02-27,658.003196930946,"Thursday"
"256",2025-02-28,658.003196930946,"Friday"
"257",2025-03-01,657.495098039216,"Saturday"
"258",2025-03-02,658.003196930946,"Sunday"
"259",2025-03-03,658.003196930946,"Monday"
"260",2025-03-04,658.003196930946,"Tuesday"
"261",2025-03-05,658.003196930946,"Wednesday"
"262",2025-03-06,658.003196930946,"Thursday"
"263",2025-03-07,658.003196930946,"Friday"
"264",2025-03-08,658.003196930946,"Saturday"
"265",2025-03-09,658.003196930946,"Sunday"
"266",2025-03-10,658.003196930946,"Monday"
"267",2025-03-11,658.003196930946,"Tuesday"
"268",2025-03-12,658.003196930946,"Wednesday"
"269",2025-03-13,658.003196930946,"Thursday"
"270",2025-03-14,658.003196930946,"Friday"
"271",2025-03-15,658.003196930946,"Saturday"
"272",2025-03-16,658.003196930946,"Sunday"
"273",2025-03-17,658.003196930946,"Monday"
"274",2025-03-18,658.003196930946,"Tuesday"
"275",2025-03-19,658.003196930946,"Wednesday"
"276",2025-03-20,658.003196930946,"Thursday"
"277",2025-03-21,658.003196930946,"Friday"
"278",2025-03-22,658.003196930946,"Saturday"
"279",2025-03-23,658.003196930946,"Sunday"
"280",2025-03-24,658.003196930946,"Monday"
"281",2025-03-25,658.003196930946,"Tuesday"
"282",2025-03-26,658.003196930946,"Wednesday"
"283",2025-03-27,658.003196930946,"Thursday"
"284",2025-03-28,658.003196930946,"Friday"
"285",2025-03-29,658.003196930946,"Saturday"
"286",2025-03-30,658.260017050298,"Sunday"
"287",2025-03-31,658.260017050298,"Monday"
"288",2025-04-01,658.260017050298,"Tuesday"
"289",2025-04-02,658.260017050298,"Wednesday"
"290",2025-04-03,658.003196930946,"Thursday"
"291",2025-04-04,658.003196930946,"Friday"
"292",2025-04-05,658.003196930946,"Saturday"
"293",2025-04-06,658.003196930946,"Sunday"
"294",2025-04-07,658.003196930946,"Monday"
"295",2025-04-08,658.003196930946,"Tuesday"
"296",2025-04-09,658.003196930946,"Wednesday"
"297",2025-04-10,658.003196930946,"Thursday"
"298",2025-04-11,658.003196930946,"Friday"
"299",2025-04-12,658.003196930946,"Saturday"
"300",2025-04-13,658.003196930946,"Sunday"
"301",2025-04-14,658.003196930946,"Monday"
"302",2025-04-15,658.003196930946,"Tuesday"
"303",2025-04-16,658.003196930946,"Wednesday"
"304",2025-04-17,658.003196930946,"Thursday"
"305",2025-04-18,658.003196930946,"Friday"
"306",2025-04-19,658.003196930946,"Saturday"
"307",2025-04-20,658.003196930946,"Sunday"
"308",2025-04-21,658.003196930946,"Monday"
"309",2025-04-22,658.003196930946,"Tuesday"
"310",2025-04-23,658.003196930946,"Wednesday"
"311",2025-04-24,658.003196930946,"Thursday"
"312",2025-04-25,658.003196930946,"Friday"
"313",2025-04-26,658.003196930946,"Saturday"
"314",2025-04-27,658.003196930946,"Sunday"
"315",2025-04-28,658.003196930946,"Monday"
"316",2025-04-29,658.003196930946,"Tuesday"
"317",2025-04-30,658.003196930946,"Wednesday"
"318",2025-05-01,658.003196930946,"Thursday"
"319",2025-05-02,658.003196930946,"Friday"
"320",2025-05-03,658.003196930946,"Saturday"
"321",2025-05-04,658.003196930946,"Sunday"
"322",2025-05-05,658.003196930946,"Monday"
"323",2025-05-06,658.003196930946,"Tuesday"
"324",2025-05-07,658.003196930946,"Wednesday"
"325",2025-05-08,658.003196930946,"Thursday"
"326",2025-05-09,658.003196930946,"Friday"
"327",2025-05-10,658.003196930946,"Saturday"
"328",2025-05-11,658.003196930946,"Sunday"
"329",2025-05-12,658.003196930946,"Monday"
"330",2025-05-13,658.003196930946,"Tuesday"
"331",2025-05-14,658.003196930946,"Wednesday"
"332",2025-05-15,658.003196930946,"Thursday"
"333",2025-05-16,658.003196930946,"Friday"
"334",2025-05-17,658.003196930946,"Saturday"
"335",2025-05-18,658.003196930946,"Sunday"
"336",2025-05-19,658.003196930946,"Monday"
"337",2025-05-20,658.003196930946,"Tuesday"
"338",2025-05-21,658.003196930946,"Wednesday"
"339",2025-05-22,658.003196930946,"Thursday"
"340",2025-05-23,658.003196930946,"Friday"
"341",2025-05-24,658.003196930946,"Saturday"
"342",2025-05-25,658.003196930946,"Sunday"
"343",2025-05-26,658.003196930946,"Monday"
"344",2025-05-27,658.003196930946,"Tuesday"
"345",2025-05-28,658.003196930946,"Wednesday"
"346",2025-05-29,658.003196930946,"Thursday"
"347",2025-05-30,658.003196930946,"Friday"
"348",2025-05-31,658.003196930946,"Saturday"
"349",2025-06-01,658.003196930946,"Sunday"
"350",2025-06-02,658.003196930946,"Monday"
"351",2025-06-03,658.003196930946,"Tuesday"
"352",2025-06-04,658.003196930946,"Wednesday"
"353",2025-06-05,658.003196930946,"Thursday"
"354",2025-06-06,658.003196930946,"Friday"
"355",2025-06-07,658.003196930946,"Saturday"
"356",2025-06-08,658.003196930946,"Sunday"
"357",2025-06-09,658.003196930946,"Monday"
"358",2025-06-10,658.003196930946,"Tuesday"
"359",2025-06-11,658.003196930946,"Wednesday"
"360",2025-06-12,658.003196930946,"Thursday"
"361",2025-06-13,658.003196930946,"Friday"
"362",2025-06-14,658.003196930946,"Saturday"
"363",2025-06-15,658.003196930946,"Sunday"
"364",2025-06-16,658.003196930946,"Monday"
"365",2025-06-17,658.003196930946,"Tuesday"
"366",2025-06-18,653.609665427509,"Wednesday"
